id,gender,age,driving_license,region_code,previously_insured,vehicle_age,vehicle_damage,annual_premium,policy_sales_channel,vintage,response
1,Female,71,0,40,1,1-2 Year,Yes,34383,23,18,0
2,Male,32,1,33,0,< 1 Year,Yes,42044,87,85,0
3,Male,46,1,6,1,1-2 Year,No,41417,108,127,1
4,Female,68,1,16,1,1-2 Year,No,39069,1,186,0
5,Male,60,1,7,1,1-2 Year,Yes,17606,66,102,0
6,Male,35,1,5,0,> 2 Years,No,52626,31,248,1
7,Female,33,0,37,0,> 2 Years,No,35921,92,11,1
8,Female,51,1,11,0,> 2 Years,Yes,50367,65,166,0
9,Male,33,1,25,0,1-2 Year,Yes,34838,126,252,0
10,Male,31,1,3,1,1-2 Year,No,51965,84,175,1
11,Female,50,1,3,0,< 1 Year,No,32098,131,173,0
12,Female,76,1,42,1,< 1 Year,No,21595,55,113,0
13,Female,21,0,41,1,> 2 Years,Yes,43016,15,293,1
14,Female,61,0,13,1,1-2 Year,Yes,38724,59,28,0
15,Female,32,1,16,1,> 2 Years,Yes,22055,96,89,0
16,Male,44,1,10,0,< 1 Year,No,12224,29,270,1
17,Male,64,0,23,1,> 2 Years,Yes,2106,112,272,0
18,Female,35,0,33,1,< 1 Year,Yes,45724,100,41,1
19,Male,56,1,22,0,< 1 Year,No,31294,5,200,0
20,Male,20,0,26,0,< 1 Year,No,28883,43,229,1
21,Female,33,0,1,0,1-2 Year,No,50238,141,70,1
22,Male,72,0,49,1,> 2 Years,No,26085,66,53,0
23,Male,63,1,48,0,< 1 Year,No,46046,51,292,0
24,Male,56,1,39,0,> 2 Years,Yes,50133,28,289,1
25,Female,65,1,37,1,< 1 Year,No,4795,83,198,1
26,Female,26,0,14,1,> 2 Years,No,11868,50,202,1
27,Female,44,1,6,0,< 1 Year,Yes,33800,38,185,1
28,Female,44,0,22,1,< 1 Year,Yes,57835,143,182,0
29,Male,45,0,11,1,< 1 Year,No,53088,93,206,0
30,Male,34,0,4,0,1-2 Year,No,11004,153,101,0
31,Female,56,0,6,0,1-2 Year,Yes,54870,63,62,1
32,Female,50,1,38,0,1-2 Year,No,28162,145,164,1
33,Female,47,1,34,0,> 2 Years,No,49147,118,136,0
34,Male,37,0,6,0,> 2 Years,Yes,57441,12,97,0
35,Female,29,1,49,1,1-2 Year,Yes,30758,19,131,1
36,Male,31,1,17,0,> 2 Years,No,36840,144,136,1
37,Female,43,0,31,0,> 2 Years,Yes,12225,41,92,1
38,Male,22,1,18,1,< 1 Year,Yes,30970,74,14,0
39,Female,68,1,6,1,> 2 Years,Yes,33870,91,23,0
40,Male,74,1,31,1,1-2 Year,No,44440,97,201,1
41,Male,35,1,18,1,< 1 Year,Yes,54540,75,77,1
42,Female,43,0,20,0,1-2 Year,No,12837,21,161,0
43,Female,73,0,10,0,> 2 Years,Yes,31235,53,25,0
44,Female,71,1,37,0,> 2 Years,Yes,46878,120,255,0
45,Male,31,0,7,1,< 1 Year,Yes,42260,105,174,1
46,Female,56,1,12,1,> 2 Years,No,57708,84,151,1
47,Female,43,0,46,1,1-2 Year,Yes,2396,71,152,1
48,Female,71,0,1,1,< 1 Year,Yes,11698,82,179,0
49,Female,55,0,32,1,> 2 Years,Yes,33517,138,192,0
50,Female,65,0,46,1,1-2 Year,No,5261,70,15,0
51,Female,21,1,36,1,< 1 Year,Yes,15381,60,226,0
52,Male,64,1,36,1,> 2 Years,No,14507,139,82,1
53,Male,18,1,24,1,> 2 Years,Yes,14947,113,46,0
54,Female,20,1,9,1,< 1 Year,Yes,25346,95,191,0
55,Male,38,0,26,1,< 1 Year,Yes,57545,51,78,0
56,Female,64,0,10,1,< 1 Year,No,35977,128,184,0
57,Male,47,0,22,1,< 1 Year,No,23329,89,30,0
58,Male,18,0,47,0,> 2 Years,Yes,21861,10,46,1
59,Female,64,1,36,0,< 1 Year,Yes,24093,53,207,0
60,Female,48,0,5,1,< 1 Year,No,31426,9,35,1
61,Male,73,0,26,0,1-2 Year,No,24961,44,268,0
62,Female,67,1,18,1,> 2 Years,Yes,40661,63,63,0
63,Male,64,0,7,1,< 1 Year,No,59436,19,81,0
64,Male,35,1,14,0,< 1 Year,No,51655,155,127,1
65,Female,62,1,17,1,1-2 Year,Yes,34976,5,10,1
66,Female,42,1,34,0,< 1 Year,No,23123,3,34,0
67,Male,47,1,3,0,> 2 Years,Yes,51853,142,158,0
68,Male,61,1,7,0,< 1 Year,Yes,18084,10,179,0
69,Female,72,1,9,0,1-2 Year,No,2959,101,171,0
70,Female,45,1,38,0,> 2 Years,Yes,35458,55,13,0
71,Female,38,1,19,0,1-2 Year,Yes,38500,92,230,0
72,Female,64,0,6,0,1-2 Year,Yes,42161,112,134,0
73,Female,35,0,49,0,1-2 Year,Yes,52326,140,183,1
74,Female,21,0,43,1,< 1 Year,Yes,10205,154,185,1
75,Male,31,0,10,1,> 2 Years,No,30107,10,19,0
76,Female,78,1,24,0,> 2 Years,Yes,59264,114,242,0
77,Male,51,0,2,1,1-2 Year,No,20802,10,139,0
78,Male,29,0,21,0,> 2 Years,No,35707,86,142,0
79,Male,71,1,42,1,> 2 Years,No,2415,39,252,0
80,Female,45,0,31,0,< 1 Year,Yes,51726,88,228,1
81,Female,59,0,22,1,< 1 Year,Yes,15572,110,50,1
82,Male,19,0,18,1,< 1 Year,No,17573,158,54,1
83,Male,30,0,34,1,< 1 Year,Yes,12349,138,43,1
84,Male,39,0,40,1,1-2 Year,No,35099,126,275,1
85,Female,52,1,49,1,1-2 Year,No,55004,126,289,1
86,Female,58,1,28,1,> 2 Years,No,4521,38,87,1
87,Male,24,1,17,1,1-2 Year,Yes,59379,76,74,1
88,Male,58,1,33,0,> 2 Years,Yes,35729,76,285,0
89,Female,28,1,9,0,> 2 Years,Yes,53089,44,226,0
90,Male,22,1,7,1,> 2 Years,Yes,49955,43,38,0
91,Male,74,1,29,0,< 1 Year,Yes,43488,74,29,1
92,Male,60,0,34,1,> 2 Years,No,16253,120,71,1
93,Male,18,1,1,0,> 2 Years,No,44810,133,186,0
94,Male,57,0,21,1,< 1 Year,Yes,25600,112,277,0
95,Male,22,0,18,1,> 2 Years,Yes,43496,40,14,1
96,Male,27,0,21,1,< 1 Year,Yes,33799,72,105,1
97,Female,28,1,3,1,< 1 Year,No,13830,109,114,0
98,Male,74,1,11,1,1-2 Year,Yes,58406,1,297,0
99,Female,75,1,42,0,> 2 Years,Yes,31694,74,163,1
100,Male,53,0,48,1,< 1 Year,No,34915,58,252,0
101,Female,37,1,40,1,1-2 Year,No,28438,53,88,1
102,Male,46,1,17,1,1-2 Year,Yes,51597,92,290,1
103,Male,38,0,14,0,1-2 Year,Yes,51548,23,254,1
104,Female,77,0,48,1,< 1 Year,Yes,31198,115,232,0
105,Male,30,1,38,0,> 2 Years,Yes,47965,11,16,0
106,Female,34,1,38,1,> 2 Years,Yes,47942,142,239,0
107,Female,40,0,10,1,< 1 Year,Yes,47026,159,78,1
108,Female,68,1,47,1,1-2 Year,No,13575,115,61,0
109,Female,66,1,24,1,1-2 Year,Yes,12795,15,261,1
110,Female,76,0,15,0,> 2 Years,No,18252,79,186,1
111,Male,21,1,29,1,1-2 Year,No,18758,98,140,0
112,Male,39,1,46,1,1-2 Year,No,31702,101,231,0
113,Female,49,0,10,1,< 1 Year,No,53846,100,243,1
114,Female,31,0,6,1,> 2 Years,No,38633,129,172,0
115,Female,37,0,4,1,> 2 Years,Yes,50500,14,185,0
116,Male,43,0,30,1,< 1 Year,No,5483,17,66,0
117,Female,58,0,27,0,1-2 Year,No,45735,94,208,0
118,Male,21,1,6,1,> 2 Years,Yes,51091,155,119,0
119,Male,37,1,45,0,< 1 Year,Yes,38350,98,271,0
120,Male,61,1,46,0,< 1 Year,Yes,16875,5,262,1
121,Female,25,1,39,1,> 2 Years,No,40821,69,62,1
122,Male,70,1,41,1,< 1 Year,Yes,37359,29,152,0
123,Male,22,0,43,0,1-2 Year,Yes,4267,22,32,0
124,Male,58,1,42,0,1-2 Year,Yes,6080,93,195,1
125,Female,76,0,20,0,< 1 Year,Yes,3956,61,271,1
126,Female,52,0,8,0,> 2 Years,Yes,55932,36,77,1
127,Male,24,0,15,1,> 2 Years,Yes,33169,89,109,0
128,Female,58,1,31,0,> 2 Years,Yes,8511,73,207,1
129,Female,22,1,1,1,1-2 Year,No,15300,121,33,0
130,Female,44,0,32,0,> 2 Years,Yes,41280,157,182,1
131,Male,26,0,6,1,> 2 Years,Yes,51016,76,35,0
132,Male,47,1,44,1,1-2 Year,No,20666,109,296,1
133,Female,20,0,26,1,> 2 Years,No,56143,64,266,1
134,Female,64,0,9,0,< 1 Year,Yes,37130,134,185,0
135,Female,75,1,34,1,1-2 Year,No,34572,31,143,1
136,Male,23,1,4,1,< 1 Year,No,57938,83,240,1
137,Male,68,1,7,1,< 1 Year,Yes,41582,140,234,0
138,Female,76,0,32,1,1-2 Year,Yes,54322,92,265,0
139,Male,60,1,5,1,< 1 Year,No,29506,139,239,0
140,Female,79,1,49,0,> 2 Years,Yes,50355,50,260,0
141,Female,55,0,29,0,> 2 Years,No,54125,49,50,0
142,Male,60,1,32,1,> 2 Years,Yes,16792,129,132,0
143,Male,61,1,14,0,> 2 Years,No,14303,118,191,1
144,Male,44,0,23,1,< 1 Year,No,31115,13,156,1
145,Male,78,0,21,1,< 1 Year,Yes,49800,56,107,1
146,Male,74,1,21,1,1-2 Year,No,15469,64,34,1
147,Female,78,1,40,1,< 1 Year,Yes,59071,56,252,1
148,Male,55,1,6,1,> 2 Years,Yes,33114,17,121,0
149,Female,41,0,38,0,> 2 Years,Yes,37785,77,237,0
150,Female,57,0,37,0,> 2 Years,Yes,33249,73,226,0
151,Female,24,0,31,1,1-2 Year,No,44195,119,263,0
152,Male,79,1,23,0,< 1 Year,No,20388,158,78,1
153,Male,40,0,30,1,> 2 Years,No,7748,120,125,1
154,Male,25,1,34,0,1-2 Year,Yes,10541,18,69,0
155,Female,55,0,28,0,1-2 Year,Yes,5791,52,298,0
156,Female,50,0,34,1,1-2 Year,No,14987,101,25,0
157,Female,61,1,26,0,< 1 Year,No,41741,125,151,1
158,Male,76,1,38,0,> 2 Years,Yes,10252,37,164,0
159,Female,40,0,39,1,< 1 Year,No,2579,98,170,1
160,Female,18,0,35,0,< 1 Year,No,41608,82,47,1
161,Female,66,0,4,1,< 1 Year,No,37668,123,124,1
162,Male,63,1,36,0,1-2 Year,No,29494,19,216,1
163,Male,27,1,30,0,< 1 Year,No,21965,41,184,0
164,Female,75,0,31,0,< 1 Year,Yes,16292,118,34,1
165,Male,31,0,29,1,< 1 Year,No,50425,84,56,1
166,Male,25,1,29,0,< 1 Year,No,25419,101,223,1
167,Male,35,1,15,0,< 1 Year,Yes,11122,64,64,0
168,Male,68,0,23,1,< 1 Year,No,39611,1,195,0
169,Male,57,0,49,1,< 1 Year,No,4147,17,206,1
170,Male,78,0,37,0,1-2 Year,No,32459,150,226,0
171,Male,19,1,34,0,1-2 Year,Yes,21587,106,248,1
172,Male,70,0,47,1,> 2 Years,No,39987,23,83,0
173,Female,71,0,10,1,1-2 Year,Yes,32363,111,226,1
174,Female,51,1,8,1,1-2 Year,Yes,20835,34,47,0
175,Male,36,1,2,1,< 1 Year,Yes,35158,104,166,0
176,Female,61,0,41,1,1-2 Year,Yes,6612,159,216,1
177,Male,79,0,49,0,1-2 Year,No,43831,86,227,1
178,Female,51,0,22,0,1-2 Year,No,29781,92,52,1
179,Male,50,1,19,1,> 2 Years,No,23813,92,162,0
180,Male,77,0,13,0,< 1 Year,Yes,32123,74,142,1
181,Male,22,0,30,1,> 2 Years,No,50083,102,218,0
182,Male,75,0,34,0,> 2 Years,No,45290,18,248,0
183,Female,73,0,23,1,1-2 Year,No,2950,115,204,1
184,Female,25,0,10,0,> 2 Years,No,57494,11,284,0
185,Female,24,1,5,1,< 1 Year,Yes,56103,121,40,0
186,Female,39,0,19,0,1-2 Year,No,55859,3,27,0
187,Female,34,1,32,0,1-2 Year,Yes,41381,28,50,1
188,Female,79,1,46,1,1-2 Year,Yes,19295,80,190,0
189,Male,34,0,29,1,1-2 Year,Yes,35502,13,54,0
190,Female,45,0,40,1,< 1 Year,Yes,32069,10,277,1
191,Male,50,1,36,1,< 1 Year,No,34902,60,153,0
192,Female,26,0,47,0,> 2 Years,No,37342,65,128,0
193,Female,63,0,19,1,1-2 Year,Yes,22841,125,262,0
194,Male,23,1,43,1,1-2 Year,Yes,24308,20,202,0
195,Female,41,1,15,1,> 2 Years,No,3660,129,173,1
196,Male,51,0,37,0,> 2 Years,No,27322,44,67,1
197,Female,51,1,48,1,< 1 Year,Yes,36838,123,74,0
198,Female,29,0,27,0,> 2 Years,Yes,27691,56,222,1
199,Female,74,1,25,1,< 1 Year,Yes,49544,124,260,1
200,Female,27,1,28,1,< 1 Year,Yes,38788,116,249,1
201,Female,73,1,33,0,> 2 Years,No,14502,66,243,0
202,Female,65,1,47,1,> 2 Years,No,54512,35,264,0
203,Male,50,0,19,0,< 1 Year,No,39495,134,37,0
204,Male,48,1,36,0,1-2 Year,Yes,28650,84,283,1
205,Male,22,1,13,0,> 2 Years,Yes,38877,9,195,0
206,Male,51,0,31,0,> 2 Years,No,45943,138,57,0
207,Female,19,1,4,1,1-2 Year,No,19628,140,85,1
208,Male,68,1,2,0,> 2 Years,No,24165,65,258,0
209,Female,49,0,33,0,< 1 Year,Yes,47262,122,188,1
210,Female,49,1,13,1,> 2 Years,Yes,20324,41,259,0
211,Male,64,0,4,1,1-2 Year,Yes,30748,40,296,0
212,Male,59,1,33,1,1-2 Year,No,56008,86,211,1
213,Female,50,0,21,1,< 1 Year,No,25725,115,223,0
214,Female,75,1,23,0,1-2 Year,No,5750,50,48,0
215,Female,33,1,25,1,< 1 Year,No,34052,58,126,0
216,Female,70,0,36,1,< 1 Year,Yes,42544,128,232,1
217,Female,53,1,19,0,> 2 Years,Yes,40319,21,106,0
218,Female,53,1,41,0,1-2 Year,No,49967,131,25,1
219,Female,19,0,28,0,> 2 Years,No,55176,37,256,1
220,Female,29,1,31,1,> 2 Years,Yes,26344,114,108,1
221,Female,20,0,45,1,> 2 Years,No,53023,45,168,0
222,Female,71,1,4,1,1-2 Year,Yes,46158,153,33,0
223,Male,33,1,29,1,1-2 Year,No,29485,151,102,0
224,Male,54,0,15,1,> 2 Years,No,9606,77,286,0
225,Male,76,0,13,0,< 1 Year,Yes,52500,112,293,1
226,Male,44,1,14,0,< 1 Year,Yes,56192,116,141,0
227,Male,44,0,18,1,1-2 Year,Yes,5265,99,31,1
228,Male,72,1,36,0,< 1 Year,Yes,43422,12,296,1
229,Female,25,1,6,1,1-2 Year,No,44357,16,166,0
230,Female,70,0,5,0,> 2 Years,Yes,44083,14,101,0
231,Female,59,0,33,0,1-2 Year,Yes,35578,62,82,0
232,Female,59,0,42,1,< 1 Year,Yes,48844,140,89,0
233,Male,23,1,28,0,1-2 Year,Yes,19934,10,274,0
234,Male,35,0,46,1,> 2 Years,No,46170,159,122,1
235,Female,28,0,42,0,> 2 Years,No,33441,37,107,1
236,Female,52,1,22,0,< 1 Year,No,6791,112,57,1
237,Female,22,0,28,0,1-2 Year,Yes,12732,157,32,1
238,Male,35,0,32,1,1-2 Year,No,29798,139,279,0
239,Male,40,1,10,1,< 1 Year,No,9447,64,279,0
240,Female,69,0,5,1,> 2 Years,Yes,34331,129,219,0
241,Female,63,0,49,0,1-2 Year,No,36944,144,245,1
242,Female,68,1,23,1,> 2 Years,Yes,29327,131,265,0
243,Male,50,0,37,0,> 2 Years,No,18397,80,290,1
244,Male,65,1,44,0,1-2 Year,No,17851,69,290,0
245,Female,45,0,37,1,1-2 Year,No,19703,153,87,1
246,Female,67,0,47,1,1-2 Year,Yes,33886,54,279,1
247,Female,79,1,1,1,< 1 Year,Yes,5403,5,205,1
248,Female,70,1,18,0,> 2 Years,No,44525,7,116,1
249,Female,27,0,17,0,< 1 Year,No,5386,2,133,0
250,Female,38,0,14,0,> 2 Years,Yes,6137,14,221,0
251,Female,43,1,43,0,> 2 Years,Yes,19319,33,281,0
252,Female,51,1,8,1,> 2 Years,Yes,59858,40,248,1
253,Female,77,1,14,0,< 1 Year,Yes,3498,147,41,0
254,Female,38,0,10,1,< 1 Year,Yes,14137,66,125,1
255,Male,38,0,7,1,> 2 Years,No,8266,49,235,1
256,Female,71,1,45,1,< 1 Year,Yes,21429,131,182,0
257,Female,33,0,20,1,< 1 Year,No,48455,37,90,1
258,Female,75,1,31,1,1-2 Year,Yes,6781,45,44,0
259,Female,73,1,16,0,1-2 Year,No,44142,74,126,1
260,Female,23,1,42,1,< 1 Year,No,33978,16,240,1
261,Male,30,0,12,1,< 1 Year,No,49991,117,173,1
262,Female,39,0,10,1,1-2 Year,Yes,36139,44,265,0
263,Female,21,1,9,0,1-2 Year,Yes,53965,53,201,0
264,Female,30,1,1,1,1-2 Year,Yes,51009,18,187,0
265,Female,41,1,16,1,1-2 Year,Yes,8684,101,229,1
266,Female,18,1,5,0,< 1 Year,No,38930,56,99,0
267,Male,46,1,7,0,1-2 Year,Yes,46727,36,95,0
268,Male,27,0,13,1,> 2 Years,Yes,15146,30,293,1
269,Female,26,0,32,0,> 2 Years,Yes,31564,157,222,1
270,Female,56,0,46,0,> 2 Years,Yes,12753,152,67,1
271,Male,44,0,30,0,< 1 Year,No,17250,11,60,1
272,Female,32,0,45,1,< 1 Year,No,34994,9,277,1
273,Male,41,1,38,0,> 2 Years,No,45642,148,127,1
274,Female,27,0,2,0,1-2 Year,Yes,41480,71,274,0
275,Male,58,0,21,0,1-2 Year,No,10305,64,86,0
276,Male,43,0,17,0,1-2 Year,Yes,32649,77,121,1
277,Male,38,0,8,1,> 2 Years,Yes,35661,60,253,1
278,Female,59,0,1,1,< 1 Year,Yes,8442,154,18,0
279,Male,43,1,11,1,< 1 Year,No,19652,121,111,0
280,Female,29,0,26,0,< 1 Year,Yes,26614,1,298,0
281,Female,41,1,31,0,> 2 Years,No,5916,118,197,0
282,Female,71,0,46,1,1-2 Year,Yes,14428,78,263,0
283,Female,77,0,34,1,1-2 Year,Yes,20992,101,35,0
284,Male,26,0,44,1,< 1 Year,No,10589,84,180,1
285,Female,67,1,42,0,> 2 Years,No,47589,19,272,1
286,Female,19,1,40,0,1-2 Year,Yes,40566,6,226,0
287,Female,57,1,31,1,1-2 Year,No,31457,48,169,0
288,Female,32,0,23,1,> 2 Years,No,33636,117,264,1
289,Female,20,0,19,1,< 1 Year,Yes,12163,57,108,0
290,Male,41,0,33,1,> 2 Years,No,37614,3,66,0
291,Male,38,0,18,1,< 1 Year,Yes,53157,105,200,1
292,Female,36,1,8,1,> 2 Years,Yes,54215,10,297,1
293,Female,48,0,44,0,< 1 Year,No,10747,91,182,1
294,Male,57,1,23,1,< 1 Year,Yes,9720,18,123,0
295,Female,59,0,13,1,> 2 Years,No,25888,89,72,1
296,Male,27,1,49,1,> 2 Years,Yes,57014,9,157,0
297,Male,44,1,46,1,1-2 Year,No,53485,139,80,1
298,Female,24,1,42,1,1-2 Year,Yes,15784,79,232,0
299,Male,37,1,21,1,> 2 Years,Yes,14589,80,255,0
300,Male,45,0,9,1,> 2 Years,No,43803,100,19,0
301,Female,60,1,19,1,< 1 Year,No,31220,45,112,0
302,Male,41,1,12,0,> 2 Years,Yes,14739,101,167,1
303,Male,74,1,12,1,< 1 Year,No,11785,121,12,1
304,Male,68,0,4,0,1-2 Year,Yes,3427,44,90,1
305,Female,75,1,49,0,> 2 Years,No,57428,73,146,1
306,Female,70,0,11,0,> 2 Years,No,25740,112,167,0
307,Female,77,1,19,0,> 2 Years,Yes,45131,142,69,0
308,Male,75,0,41,0,1-2 Year,Yes,23646,86,169,1
309,Female,25,0,1,0,1-2 Year,Yes,3349,136,233,1
310,Female,34,0,12,1,> 2 Years,No,47803,56,160,0
311,Female,75,0,47,0,1-2 Year,No,31169,74,61,0
312,Female,59,1,45,1,< 1 Year,Yes,33604,62,130,0
313,Female,23,0,25,0,1-2 Year,No,51435,57,90,0
314,Female,65,1,12,0,< 1 Year,No,9559,11,211,1
315,Female,47,1,25,1,1-2 Year,No,11441,104,172,1
316,Male,42,1,20,1,> 2 Years,No,2078,154,78,0
317,Male,19,1,45,1,< 1 Year,No,20971,126,92,0
318,Female,63,0,7,0,< 1 Year,Yes,9352,135,127,0
319,Male,19,1,41,1,> 2 Years,Yes,51644,144,291,0
320,Female,44,0,25,0,1-2 Year,Yes,5678,64,210,1
321,Male,42,1,46,0,< 1 Year,No,58404,158,212,0
322,Male,69,0,18,0,> 2 Years,Yes,29429,135,32,0
323,Female,67,1,20,0,> 2 Years,Yes,9989,25,246,1
324,Male,22,1,20,1,< 1 Year,Yes,34455,155,266,1
325,Female,75,1,18,0,> 2 Years,No,45900,11,37,1
326,Female,42,0,33,1,< 1 Year,No,7641,127,256,1
327,Female,26,0,14,0,< 1 Year,Yes,20525,144,67,1
328,Male,33,0,32,1,> 2 Years,Yes,47220,22,138,0
329,Male,39,1,38,0,1-2 Year,Yes,26606,55,246,1
330,Female,51,0,11,1,1-2 Year,No,3213,34,33,1
331,Male,29,1,46,1,< 1 Year,Yes,49787,46,95,0
332,Female,29,0,1,1,1-2 Year,No,49046,78,294,1
333,Male,61,1,39,0,< 1 Year,Yes,51549,143,150,0
334,Female,76,1,42,0,< 1 Year,No,18648,32,166,0
335,Male,50,1,40,0,1-2 Year,Yes,40728,81,196,1
336,Male,23,1,26,0,< 1 Year,Yes,17089,37,291,0
337,Female,51,0,20,1,> 2 Years,No,49790,32,280,1
338,Female,48,0,36,0,1-2 Year,No,52364,45,21,1
339,Male,31,0,6,1,1-2 Year,No,30899,57,174,0
340,Male,20,0,21,1,> 2 Years,No,36217,152,178,0
341,Female,50,0,18,0,1-2 Year,No,57173,23,295,1
342,Female,40,0,18,1,1-2 Year,Yes,30291,119,175,0
343,Male,63,1,43,1,> 2 Years,Yes,53591,147,74,0
344,Male,50,1,22,0,1-2 Year,No,32464,11,273,1
345,Female,76,0,43,1,> 2 Years,No,19432,84,146,0
346,Male,65,0,27,0,< 1 Year,Yes,2424,131,91,1
347,Female,62,1,14,0,> 2 Years,No,20877,146,72,0
348,Female,60,0,39,1,< 1 Year,No,14062,64,220,1
349,Female,61,0,46,0,1-2 Year,No,28709,26,172,0
350,Male,68,0,12,1,< 1 Year,No,25643,148,73,1
351,Female,57,1,36,1,> 2 Years,Yes,22094,135,66,1
352,Female,50,0,31,0,< 1 Year,No,15866,15,232,1
353,Female,52,1,15,0,1-2 Year,No,46446,150,163,1
354,Female,46,1,25,1,< 1 Year,Yes,15844,10,253,1
355,Female,59,1,38,1,1-2 Year,No,56817,63,116,0
356,Female,35,1,22,1,1-2 Year,Yes,42395,46,154,0
357,Female,45,1,16,1,< 1 Year,Yes,23268,154,127,1
358,Female,42,0,17,0,> 2 Years,Yes,14762,26,98,1
359,Female,25,1,2,1,> 2 Years,No,35864,88,211,1
360,Male,72,0,9,0,< 1 Year,Yes,17024,77,30,0
361,Female,60,1,19,1,< 1 Year,No,39620,100,196,0
362,Male,37,0,37,0,> 2 Years,Yes,58238,148,203,0
363,Male,32,1,18,0,1-2 Year,Yes,5289,39,233,1
364,Female,26,1,45,1,> 2 Years,No,42753,144,223,0
365,Male,45,1,21,1,1-2 Year,No,23317,97,115,1
366,Female,35,0,45,0,> 2 Years,No,36661,137,83,1
367,Male,73,1,49,0,1-2 Year,Yes,24915,113,278,0
368,Female,68,0,21,1,> 2 Years,No,7483,36,50,0
369,Female,65,1,41,0,> 2 Years,Yes,10818,118,32,0
370,Male,79,1,33,1,1-2 Year,No,17969,42,81,1
371,Female,46,0,11,1,< 1 Year,No,52131,33,193,1
372,Male,70,1,43,1,> 2 Years,Yes,48054,14,160,1
373,Female,34,0,6,1,> 2 Years,No,13695,49,82,1
374,Male,55,0,16,1,< 1 Year,Yes,53951,122,188,0
375,Female,58,0,42,0,1-2 Year,No,9606,103,224,1
376,Female,28,0,36,0,> 2 Years,Yes,16578,74,145,0
377,Female,54,1,5,0,< 1 Year,Yes,2689,58,157,1
378,Male,44,1,37,1,< 1 Year,No,44755,119,78,0
379,Male,42,0,35,1,< 1 Year,No,37579,37,124,1
380,Female,29,0,13,1,> 2 Years,Yes,24562,73,40,1
381,Female,53,0,19,1,1-2 Year,No,49157,130,36,0
382,Male,25,1,10,0,< 1 Year,Yes,51202,103,107,0
383,Female,41,0,8,1,1-2 Year,No,14995,71,209,1
384,Male,37,0,15,1,> 2 Years,No,35977,130,275,1
385,Male,36,1,47,1,> 2 Years,Yes,51722,1,297,1
386,Female,61,0,19,0,> 2 Years,Yes,45180,3,289,0
387,Female,67,0,38,0,> 2 Years,Yes,3771,88,146,1
388,Female,61,1,34,1,> 2 Years,Yes,46921,31,189,1
389,Female,32,0,42,1,< 1 Year,No,19536,27,11,1
390,Male,66,0,19,1,> 2 Years,Yes,32299,46,107,1
391,Male,75,0,40,1,< 1 Year,No,39471,150,187,1
392,Male,48,0,42,0,1-2 Year,Yes,31474,141,41,1
393,Male,21,0,12,0,1-2 Year,Yes,30677,136,59,1
394,Female,46,0,41,1,< 1 Year,Yes,18516,8,271,1
395,Male,26,1,35,0,1-2 Year,Yes,22717,108,20,0
396,Female,71,0,42,0,< 1 Year,No,47314,151,208,0
397,Male,59,1,34,0,1-2 Year,Yes,6193,136,225,1
398,Female,19,0,32,0,< 1 Year,Yes,46980,120,256,1
399,Female,58,0,32,0,< 1 Year,Yes,55964,43,233,1
400,Male,62,1,20,1,1-2 Year,Yes,57397,38,246,0
401,Male,53,1,3,1,< 1 Year,Yes,12921,130,281,1
402,Male,48,1,44,1,> 2 Years,No,10578,98,131,0
403,Male,19,0,41,1,> 2 Years,No,6082,70,238,1
404,Female,75,1,21,1,1-2 Year,Yes,28982,96,12,1
405,Male,67,1,12,0,> 2 Years,No,48151,88,75,0
406,Male,19,1,47,1,1-2 Year,No,14564,76,156,1
407,Male,74,1,33,0,> 2 Years,No,28379,28,208,1
408,Female,58,0,22,0,< 1 Year,Yes,43672,28,40,1
409,Male,71,1,19,0,< 1 Year,No,37886,78,86,0
410,Female,31,1,20,1,< 1 Year,Yes,2598,96,11,1
411,Male,32,0,30,0,< 1 Year,No,21959,72,110,0
412,Male,41,1,12,1,1-2 Year,No,24004,51,70,1
413,Female,56,0,22,1,< 1 Year,Yes,27755,68,58,1
414,Female,40,0,48,0,< 1 Year,Yes,31589,91,182,1
415,Female,19,0,3,0,1-2 Year,No,26357,105,225,1
416,Male,18,0,3,1,1-2 Year,No,31202,39,219,1
417,Female,36,0,16,1,> 2 Years,No,16163,17,31,0
418,Female,65,1,37,0,< 1 Year,Yes,24007,27,77,0
419,Male,51,1,47,1,< 1 Year,No,2623,90,61,1
420,Male,77,0,2,1,> 2 Years,No,25129,82,193,0
421,Male,60,1,15,1,> 2 Years,Yes,58001,153,185,1
422,Female,58,1,18,1,1-2 Year,No,40903,52,48,0
423,Male,28,0,32,1,1-2 Year,No,8735,34,91,1
424,Male,42,1,40,0,< 1 Year,No,39173,8,146,1
425,Female,57,0,34,0,< 1 Year,Yes,39565,77,46,1
426,Female,27,0,35,0,> 2 Years,Yes,43877,80,169,0
427,Female,28,1,45,1,1-2 Year,No,21117,58,143,1
428,Female,40,0,18,1,> 2 Years,No,8095,145,76,0
429,Male,56,1,6,1,> 2 Years,No,15851,28,48,0
430,Female,51,1,27,0,> 2 Years,Yes,47461,130,275,1
431,Male,45,1,27,0,< 1 Year,No,27722,51,184,1
432,Female,60,1,19,1,1-2 Year,No,46163,98,101,0
433,Female,61,0,9,0,1-2 Year,No,23953,45,228,1
434,Male,50,1,23,0,1-2 Year,Yes,21807,50,71,1
435,Male,79,1,17,0,> 2 Years,Yes,10469,60,295,1
436,Female,52,0,43,1,1-2 Year,Yes,35619,37,177,1
437,Female,25,1,18,1,< 1 Year,Yes,44889,128,96,0
438,Female,64,0,14,0,< 1 Year,No,21312,141,231,1
439,Male,45,1,48,0,> 2 Years,No,53877,19,63,1
440,Female,54,1,40,0,< 1 Year,Yes,46330,122,123,0
441,Female,18,1,38,1,> 2 Years,No,57228,24,223,0
442,Male,77,1,5,1,1-2 Year,Yes,37739,111,208,0
443,Male,43,0,19,0,1-2 Year,No,36712,11,126,0
444,Male,61,0,49,1,< 1 Year,Yes,20085,131,50,0
445,Female,31,0,44,0,> 2 Years,Yes,51836,150,84,0
446,Female,49,1,19,0,1-2 Year,Yes,4681,46,53,0
447,Male,23,1,46,1,1-2 Year,No,12336,1,157,1
448,Female,56,1,46,1,1-2 Year,Yes,3581,140,236,1
449,Female,20,1,41,1,< 1 Year,Yes,5231,157,181,1
450,Female,76,0,46,0,< 1 Year,Yes,31899,53,197,0
451,Female,41,0,16,1,1-2 Year,No,24973,6,220,1
452,Male,71,1,19,1,< 1 Year,No,48496,2,159,0
453,Male,44,0,46,0,> 2 Years,No,24573,157,151,0
454,Male,20,0,33,0,< 1 Year,Yes,35509,141,146,1
455,Male,34,1,41,0,> 2 Years,No,23383,1,151,1
456,Female,53,1,28,1,> 2 Years,Yes,44347,49,130,0
457,Female,75,1,10,0,1-2 Year,No,37330,154,83,1
458,Male,37,1,40,1,1-2 Year,No,37642,114,85,0
459,Female,70,1,36,0,< 1 Year,Yes,9055,149,145,0
460,Female,51,1,20,1,1-2 Year,Yes,19208,11,141,1
461,Female,74,0,18,1,1-2 Year,No,36137,26,231,0
462,Female,63,0,16,0,< 1 Year,Yes,16703,98,33,1
463,Female,18,1,21,0,1-2 Year,No,57370,121,261,0
464,Female,63,1,40,0,1-2 Year,No,39972,95,214,1
465,Female,49,0,45,1,1-2 Year,No,31199,48,196,0
466,Female,40,0,3,1,1-2 Year,Yes,16329,134,15,1
467,Male,39,1,1,1,> 2 Years,Yes,35790,133,100,0
468,Male,46,0,31,1,< 1 Year,Yes,23764,40,294,1
469,Male,19,1,22,0,1-2 Year,Yes,53341,10,264,0
470,Female,31,0,46,1,1-2 Year,No,19061,72,230,0
471,Male,63,1,47,1,> 2 Years,Yes,42127,36,123,1
472,Male,36,0,31,1,> 2 Years,Yes,26346,146,169,0
473,Male,18,1,42,0,< 1 Year,No,20812,156,71,0
474,Female,69,0,25,0,> 2 Years,Yes,32611,46,118,1
475,Male,38,1,28,1,> 2 Years,Yes,55212,156,140,0
476,Male,26,0,49,1,> 2 Years,Yes,49204,128,121,1
477,Male,60,0,49,0,> 2 Years,Yes,36294,82,37,1
478,Female,50,0,4,1,> 2 Years,Yes,24320,122,78,0
479,Male,60,0,42,1,< 1 Year,No,43556,42,125,1
480,Female,47,0,45,1,< 1 Year,Yes,11186,122,126,0
481,Male,59,1,27,0,< 1 Year,Yes,9223,21,230,0
482,Female,36,1,45,0,1-2 Year,Yes,35099,13,237,1
483,Male,65,1,4,1,< 1 Year,No,7897,146,298,1
484,Female,61,0,46,1,1-2 Year,No,20149,88,65,1
485,Male,75,1,9,0,< 1 Year,No,24743,143,200,1
486,Female,22,1,49,1,1-2 Year,No,10212,54,163,0
487,Female,57,0,35,1,> 2 Years,No,36937,16,183,0
488,Female,51,0,44,0,1-2 Year,No,18110,8,273,1
489,Male,78,1,43,0,< 1 Year,No,20480,158,156,0
490,Female,42,1,34,0,< 1 Year,No,19077,30,280,0
491,Female,22,1,21,0,> 2 Years,Yes,30615,8,243,1
492,Female,24,0,8,1,> 2 Years,No,16939,20,268,0
493,Female,66,0,32,1,< 1 Year,No,16242,58,81,1
494,Female,41,0,7,1,< 1 Year,Yes,19784,44,268,0
495,Female,53,0,25,0,1-2 Year,No,59414,127,172,1
496,Female,79,1,45,1,< 1 Year,Yes,5117,44,168,1
497,Female,26,1,11,1,> 2 Years,No,26726,55,131,0
498,Male,44,0,13,1,> 2 Years,No,45049,47,89,0
499,Male,72,1,42,1,1-2 Year,Yes,10341,71,252,0
500,Female,27,1,29,0,> 2 Years,Yes,42717,88,263,0
501,Female,25,0,45,0,> 2 Years,Yes,30234,52,77,1
502,Female,19,0,28,0,< 1 Year,No,40767,48,86,0
503,Female,18,0,5,1,1-2 Year,No,38414,14,56,1
504,Female,26,1,40,1,> 2 Years,Yes,27397,81,50,0
505,Female,50,1,26,0,< 1 Year,No,4298,18,203,0
506,Male,69,1,17,1,< 1 Year,No,5989,128,73,1
507,Female,51,1,15,0,1-2 Year,No,42335,109,239,0
508,Female,50,1,6,0,< 1 Year,Yes,17178,143,47,0
509,Male,50,0,36,1,1-2 Year,Yes,6609,150,255,1
510,Female,51,0,47,1,> 2 Years,No,31904,138,111,1
511,Female,19,1,44,1,< 1 Year,Yes,28247,57,178,0
512,Male,76,1,27,0,1-2 Year,No,31095,120,13,1
513,Male,24,1,26,0,1-2 Year,No,3794,116,277,0
514,Male,55,0,48,0,< 1 Year,No,42463,93,267,0
515,Male,75,1,24,0,> 2 Years,Yes,45760,95,179,1
516,Female,27,1,14,0,< 1 Year,No,39110,117,178,0
517,Male,19,1,4,1,< 1 Year,No,35088,151,287,1
518,Female,31,1,7,1,> 2 Years,Yes,15068,91,273,0
519,Male,70,0,26,1,1-2 Year,Yes,2193,87,298,1
520,Male,75,0,41,1,< 1 Year,No,23369,20,197,1
521,Male,68,1,13,0,> 2 Years,No,32385,68,212,0
522,Female,62,0,23,1,1-2 Year,Yes,53116,131,122,0
523,Female,37,0,2,1,< 1 Year,No,15402,99,62,0
524,Male,55,1,30,0,> 2 Years,Yes,39533,129,99,1
525,Female,36,0,34,0,< 1 Year,No,48324,48,284,1
526,Male,31,0,38,0,< 1 Year,Yes,58961,131,61,0
527,Female,21,0,12,1,1-2 Year,Yes,59962,102,15,0
528,Female,55,0,44,1,> 2 Years,Yes,29760,40,180,0
529,Female,37,0,38,0,< 1 Year,No,47799,43,11,1
530,Female,55,1,4,1,1-2 Year,Yes,50435,120,103,1
531,Male,50,0,14,0,> 2 Years,Yes,5963,110,75,1
532,Male,57,1,31,1,< 1 Year,No,6011,11,273,1
533,Male,41,1,5,0,1-2 Year,No,54454,3,74,1
534,Female,34,1,22,0,> 2 Years,No,41599,38,97,1
535,Female,62,1,18,0,1-2 Year,No,44373,108,249,0
536,Male,56,0,22,0,1-2 Year,No,30119,30,38,0
537,Male,46,1,34,1,> 2 Years,No,15602,98,140,1
538,Female,54,1,1,0,1-2 Year,No,20650,23,96,0
539,Male,28,1,40,0,> 2 Years,Yes,23818,110,130,1
540,Female,56,1,9,1,< 1 Year,No,56192,150,128,0
541,Male,34,1,49,0,< 1 Year,No,32860,100,130,1
542,Female,76,0,49,1,1-2 Year,Yes,20584,101,176,0
543,Female,34,1,26,1,1-2 Year,Yes,51419,115,193,1
544,Male,40,0,24,1,1-2 Year,No,51790,51,18,0
545,Male,51,0,34,0,> 2 Years,No,43110,137,102,1
546,Male,23,1,14,1,> 2 Years,Yes,10686,131,98,0
547,Male,23,0,2,0,< 1 Year,Yes,30924,89,250,0
548,Male,59,0,16,0,> 2 Years,Yes,37739,29,134,1
549,Female,26,1,16,0,< 1 Year,Yes,32871,40,94,1
550,Female,29,0,6,0,1-2 Year,Yes,15756,81,60,1
551,Female,68,1,7,0,> 2 Years,No,47280,46,272,0
552,Female,18,1,11,1,1-2 Year,Yes,9692,79,243,1
553,Male,29,0,48,1,1-2 Year,No,59303,150,142,1
554,Female,69,0,31,0,> 2 Years,No,12320,110,59,0
555,Male,72,1,9,0,< 1 Year,No,14366,130,10,1
556,Male,34,1,40,1,> 2 Years,Yes,3589,149,246,0
557,Male,47,1,17,1,1-2 Year,Yes,19461,36,52,0
558,Female,54,0,27,1,1-2 Year,Yes,33673,5,250,1
559,Female,64,1,35,1,1-2 Year,No,55508,119,163,0
560,Female,45,1,9,0,> 2 Years,Yes,15493,24,172,1
561,Female,56,1,16,0,> 2 Years,Yes,12062,99,90,1
562,Male,23,1,16,0,< 1 Year,No,40774,29,163,0
563,Female,62,1,21,1,< 1 Year,Yes,39697,17,132,1
564,Male,18,1,40,1,1-2 Year,No,4889,116,145,1
565,Male,55,0,24,1,1-2 Year,No,17102,61,261,1
566,Female,19,1,7,0,< 1 Year,Yes,15768,13,134,0
567,Female,63,0,45,1,> 2 Years,No,50590,94,209,1
568,Male,29,1,48,1,< 1 Year,No,6033,136,106,1
569,Male,35,0,2,0,1-2 Year,Yes,42720,72,286,0
570,Female,74,0,29,0,< 1 Year,Yes,9341,60,107,1
571,Female,70,1,13,1,1-2 Year,No,15063,116,93,1
572,Female,33,0,29,0,< 1 Year,No,21378,20,263,1
573,Female,65,0,31,1,> 2 Years,Yes,21191,38,233,0
574,Male,26,0,6,1,< 1 Year,No,35619,73,180,1
575,Female,71,0,3,1,1-2 Year,Yes,56817,29,96,0
576,Female,49,1,19,0,1-2 Year,Yes,41278,134,103,1
577,Male,21,0,18,0,> 2 Years,Yes,14036,61,90,1
578,Male,35,1,2,1,< 1 Year,Yes,30980,158,10,1
579,Male,77,1,45,0,< 1 Year,No,30271,111,181,1
580,Male,34,1,37,0,1-2 Year,No,23813,89,76,0
581,Female,44,0,43,0,1-2 Year,No,9605,122,283,1
582,Male,52,0,17,1,< 1 Year,No,47038,129,64,1
583,Female,76,1,8,0,> 2 Years,No,21336,139,27,0
584,Male,73,1,5,1,< 1 Year,No,44299,71,187,0
585,Female,63,0,16,1,1-2 Year,No,29539,155,277,1
586,Male,64,0,43,0,< 1 Year,No,27565,43,74,1
587,Male,78,1,25,0,< 1 Year,No,26134,140,82,0
588,Male,29,1,26,1,> 2 Years,No,50042,30,49,0
589,Female,41,1,40,1,< 1 Year,No,24303,87,113,1
590,Female,28,0,20,0,< 1 Year,No,6814,15,181,1
591,Male,31,1,45,0,< 1 Year,No,57199,153,211,1
592,Male,20,1,21,1,1-2 Year,Yes,3880,62,230,1
593,Male,74,0,39,1,1-2 Year,No,48445,99,217,1
594,Male,48,0,12,0,> 2 Years,No,55035,2,144,0
595,Female,39,1,13,0,> 2 Years,Yes,14330,87,262,0
596,Male,66,0,2,0,> 2 Years,No,2463,101,281,1
597,Male,64,0,3,1,< 1 Year,No,47736,57,100,0
598,Female,32,0,7,0,1-2 Year,No,39821,158,153,1
599,Male,63,1,39,1,1-2 Year,No,33982,107,238,0
600,Male,55,0,22,1,< 1 Year,No,28849,83,263,0
601,Female,28,1,35,1,< 1 Year,No,8757,103,64,0
602,Male,32,1,8,1,> 2 Years,Yes,50184,62,52,1
603,Female,44,0,36,0,< 1 Year,No,21356,65,202,0
604,Female,79,1,8,1,< 1 Year,Yes,43670,40,164,1
605,Female,47,0,23,0,< 1 Year,No,11301,15,41,1
606,Male,25,0,26,1,< 1 Year,No,17574,113,33,0
607,Male,73,1,47,0,> 2 Years,No,57595,39,188,1
608,Male,45,0,38,0,1-2 Year,Yes,44839,97,176,1
609,Female,34,1,24,1,1-2 Year,No,30664,95,72,0
610,Male,58,1,17,0,1-2 Year,No,20584,117,256,0
611,Female,72,1,26,1,< 1 Year,No,4358,7,277,0
612,Female,59,1,4,0,< 1 Year,No,45409,149,24,0
613,Male,74,0,28,1,1-2 Year,No,47680,67,147,1
614,Female,25,1,1,1,1-2 Year,No,12658,33,158,1
615,Male,34,0,36,0,> 2 Years,No,56171,159,288,1
616,Female,40,0,27,0,1-2 Year,No,3526,50,191,1
617,Male,65,1,49,0,< 1 Year,No,20761,69,50,0
618,Female,52,0,39,0,< 1 Year,Yes,18438,159,176,0
619,Male,54,0,40,1,1-2 Year,No,42050,135,146,0
620,Male,51,1,38,1,< 1 Year,No,56660,145,198,1
621,Male,45,0,10,1,> 2 Years,Yes,49682,31,203,0
622,Male,73,1,10,1,< 1 Year,No,22454,93,250,1
623,Female,51,1,11,1,1-2 Year,Yes,2498,152,88,0
624,Female,42,1,40,1,1-2 Year,Yes,32081,140,230,1
625,Male,77,0,47,0,1-2 Year,No,51227,148,207,1
626,Female,49,0,28,1,1-2 Year,Yes,42149,30,186,0
627,Male,78,0,22,0,1-2 Year,Yes,5227,115,242,0
628,Male,31,1,14,0,< 1 Year,No,58771,150,137,0
629,Male,74,1,3,1,1-2 Year,Yes,15183,19,18,1
630,Male,64,0,31,0,1-2 Year,No,59385,137,159,0
631,Female,64,0,35,1,< 1 Year,No,50792,68,282,0
632,Female,55,1,31,1,> 2 Years,No,59094,2,179,0
633,Female,57,0,47,1,> 2 Years,Yes,38947,52,290,1
634,Male,38,1,2,1,< 1 Year,No,32279,20,84,0
635,Male,72,0,37,0,> 2 Years,Yes,20780,116,138,0
636,Female,66,1,28,0,1-2 Year,No,19748,61,55,0
637,Male,42,1,22,1,< 1 Year,No,41169,47,255,1
638,Female,47,1,17,0,1-2 Year,No,28914,33,143,1
639,Female,43,1,32,0,> 2 Years,Yes,29282,1,31,1
640,Female,64,0,33,1,> 2 Years,Yes,55186,135,195,0
641,Male,70,1,11,0,> 2 Years,No,11857,11,117,0
642,Male,38,0,22,1,< 1 Year,No,39555,45,152,0
643,Female,71,0,18,1,> 2 Years,No,21681,152,225,0
644,Male,29,1,42,0,1-2 Year,No,42780,1,56,0
645,Female,65,1,30,0,1-2 Year,Yes,26091,96,187,1
646,Female,44,0,18,0,> 2 Years,No,54905,86,18,1
647,Male,74,1,5,1,1-2 Year,Yes,48316,97,40,1
648,Female,69,1,48,0,< 1 Year,No,10023,135,276,0
649,Female,24,1,7,0,1-2 Year,Yes,10863,63,298,0
650,Female,35,0,11,0,1-2 Year,No,4343,64,212,0
651,Male,22,1,45,1,< 1 Year,No,9297,137,151,0
652,Male,20,1,38,1,1-2 Year,No,40671,38,273,1
653,Female,45,1,41,0,> 2 Years,No,56134,150,84,0
654,Male,40,0,1,1,< 1 Year,No,4822,69,51,0
655,Female,67,0,16,0,1-2 Year,No,14607,9,32,1
656,Female,42,1,21,0,< 1 Year,Yes,15207,79,256,0
657,Female,51,0,6,0,> 2 Years,Yes,22691,146,212,0
658,Female,52,1,30,1,> 2 Years,Yes,13376,39,287,1
659,Female,79,0,9,1,< 1 Year,No,29682,104,268,1
660,Male,43,0,12,1,> 2 Years,Yes,55446,71,39,0
661,Female,43,0,28,0,> 2 Years,Yes,29912,46,93,0
662,Male,74,1,33,0,> 2 Years,No,53219,41,257,0
663,Female,72,0,48,1,> 2 Years,No,57742,140,157,0
664,Female,34,0,15,0,> 2 Years,Yes,52212,77,194,1
665,Female,21,1,15,0,< 1 Year,Yes,57470,72,73,1
666,Female,56,1,23,1,< 1 Year,Yes,31895,98,199,0
667,Male,54,0,46,1,< 1 Year,No,52355,101,41,1
668,Male,62,1,24,1,< 1 Year,Yes,13971,53,120,1
669,Male,59,0,39,1,1-2 Year,Yes,57941,148,117,0
670,Female,63,0,5,0,1-2 Year,Yes,16504,83,208,1
671,Female,26,1,35,1,1-2 Year,No,18607,72,38,1
672,Male,66,0,31,1,1-2 Year,No,36467,149,168,1
673,Male,26,0,31,0,> 2 Years,Yes,22025,73,78,1
674,Male,78,0,22,1,> 2 Years,Yes,47012,49,207,1
675,Male,62,1,26,1,< 1 Year,No,54809,17,250,0
676,Male,27,0,2,1,1-2 Year,No,44770,143,68,0
677,Female,65,1,2,0,> 2 Years,Yes,27345,33,264,1
678,Female,76,1,34,0,> 2 Years,No,52588,93,18,1
679,Male,41,0,36,0,> 2 Years,Yes,33150,4,289,0
680,Female,63,0,31,0,< 1 Year,No,41856,155,59,0
681,Male,28,1,33,0,< 1 Year,Yes,27362,49,146,0
682,Female,64,1,18,0,1-2 Year,Yes,19666,135,281,1
683,Female,77,0,43,1,< 1 Year,No,55008,133,277,0
684,Male,32,0,6,1,< 1 Year,No,48798,155,227,0
685,Female,46,0,19,0,1-2 Year,No,30901,18,149,0
686,Male,44,0,27,1,1-2 Year,Yes,13806,31,77,0
687,Female,19,1,39,0,< 1 Year,No,46525,136,112,0
688,Male,79,0,15,0,> 2 Years,No,54171,117,86,1
689,Male,41,1,48,0,1-2 Year,Yes,31373,125,113,1
690,Female,75,1,6,1,> 2 Years,No,53335,82,287,0
691,Female,77,1,15,1,< 1 Year,Yes,6359,115,145,0
692,Male,59,0,19,1,1-2 Year,Yes,59201,83,74,0
693,Female,56,0,12,1,1-2 Year,No,56708,147,242,1
694,Male,37,0,11,1,1-2 Year,No,43410,112,92,0
695,Male,68,0,15,1,1-2 Year,Yes,7440,20,38,1
696,Female,62,1,25,0,1-2 Year,Yes,52428,90,258,1
697,Female,65,0,1,0,> 2 Years,No,25917,71,160,0
698,Male,40,1,26,0,< 1 Year,Yes,34916,113,158,1
699,Male,58,1,28,0,> 2 Years,No,55613,103,186,1
700,Female,19,1,49,1,< 1 Year,No,51815,42,244,0
701,Male,36,0,5,1,1-2 Year,Yes,2954,113,239,1
702,Male,54,1,17,0,1-2 Year,No,58150,27,167,1
703,Male,25,1,45,1,> 2 Years,Yes,52242,73,22,0
704,Male,18,1,16,1,> 2 Years,Yes,31666,68,176,1
705,Male,21,1,22,0,< 1 Year,No,14964,94,272,0
706,Male,57,1,10,1,> 2 Years,Yes,58189,16,85,0
707,Female,21,1,15,0,> 2 Years,No,29606,81,270,0
708,Female,70,1,5,0,> 2 Years,Yes,8326,104,195,1
709,Female,22,1,36,1,1-2 Year,No,15172,84,262,1
710,Male,25,0,11,0,> 2 Years,No,20626,27,56,0
711,Male,30,0,43,0,< 1 Year,Yes,50687,105,131,1
712,Male,19,1,46,0,< 1 Year,No,29385,61,277,0
713,Male,23,0,9,0,> 2 Years,No,23813,17,268,0
714,Female,69,0,19,0,1-2 Year,Yes,46545,139,105,1
715,Male,21,1,9,1,> 2 Years,No,14043,128,127,0
716,Female,64,0,40,1,< 1 Year,Yes,35314,98,52,0
717,Male,75,1,22,1,1-2 Year,No,39427,89,32,1
718,Female,19,1,25,0,1-2 Year,No,53695,41,122,0
719,Female,55,1,15,0,1-2 Year,No,23673,158,62,0
720,Male,79,1,33,0,1-2 Year,No,59686,32,73,0
721,Male,40,0,18,0,1-2 Year,Yes,36481,115,77,0
722,Female,77,1,17,1,1-2 Year,Yes,7077,23,214,0
723,Male,77,0,23,1,< 1 Year,Yes,11026,129,262,1
724,Female,73,1,27,1,1-2 Year,Yes,30110,5,233,1
725,Female,36,0,6,0,1-2 Year,No,6621,3,240,0
726,Female,37,1,29,0,< 1 Year,No,42670,82,114,1
727,Male,45,0,31,0,> 2 Years,No,13995,23,230,1
728,Male,70,1,32,1,> 2 Years,No,27604,62,120,0
729,Male,30,0,29,0,1-2 Year,No,25560,86,105,1
730,Male,62,0,7,1,1-2 Year,No,46098,18,38,0
731,Female,63,1,49,1,< 1 Year,No,45570,156,25,1
732,Female,74,0,7,1,1-2 Year,Yes,36585,145,132,0
733,Male,39,0,7,0,> 2 Years,Yes,29212,98,130,1
734,Male,43,0,8,1,> 2 Years,No,35454,58,228,0
735,Male,40,1,35,1,> 2 Years,No,37751,99,149,0
736,Female,41,1,39,0,< 1 Year,No,36649,59,279,0
737,Male,53,1,14,1,1-2 Year,Yes,12592,154,117,0
738,Male,19,1,24,0,1-2 Year,No,42281,118,211,0
739,Male,38,0,49,0,> 2 Years,No,48408,59,60,1
740,Female,40,1,39,1,< 1 Year,Yes,46482,44,85,1
741,Female,51,1,41,0,< 1 Year,No,53835,40,167,0
742,Male,78,1,33,0,1-2 Year,No,44191,108,27,0
743,Male,32,1,30,1,1-2 Year,Yes,26128,33,254,1
744,Male,54,0,6,1,< 1 Year,Yes,6426,87,55,1
745,Female,73,0,35,0,1-2 Year,Yes,4073,84,154,1
746,Male,66,0,22,0,1-2 Year,No,59121,156,69,0
747,Male,49,0,21,1,1-2 Year,Yes,42632,27,124,0
748,Female,69,1,21,0,1-2 Year,Yes,57602,149,71,0
749,Female,62,1,8,0,1-2 Year,Yes,25767,48,226,1
750,Male,55,0,42,0,> 2 Years,No,47274,20,194,0
751,Female,39,1,23,0,> 2 Years,Yes,51612,145,179,0
752,Female,52,0,46,0,1-2 Year,No,19873,85,189,0
753,Male,55,0,48,1,< 1 Year,Yes,16127,104,111,0
754,Male,25,0,35,1,< 1 Year,Yes,34818,97,295,0
755,Female,60,0,26,0,< 1 Year,Yes,54541,133,67,0
756,Female,61,0,30,0,> 2 Years,Yes,18533,67,244,0
757,Female,55,1,23,1,< 1 Year,No,36966,153,154,0
758,Female,19,0,9,0,1-2 Year,No,23782,2,229,0
759,Male,21,1,19,0,> 2 Years,Yes,53040,67,272,0
760,Male,25,0,15,0,< 1 Year,No,17587,129,110,0
761,Male,43,1,45,0,1-2 Year,Yes,29786,149,203,0
762,Female,78,0,14,1,< 1 Year,No,27429,66,164,0
763,Female,18,0,44,1,> 2 Years,Yes,13703,151,261,0
764,Male,24,0,13,1,< 1 Year,No,51144,44,237,1
765,Male,63,1,37,1,> 2 Years,No,58139,53,299,0
766,Male,52,1,14,1,> 2 Years,Yes,40968,139,219,1
767,Female,65,0,4,0,1-2 Year,No,20948,79,228,0
768,Female,29,1,21,0,1-2 Year,Yes,25124,29,110,0
769,Female,51,1,7,0,> 2 Years,Yes,34837,146,110,1
770,Male,64,1,16,0,> 2 Years,Yes,28319,1,243,1
771,Male,34,1,4,0,1-2 Year,No,15771,22,217,1
772,Male,42,0,48,0,> 2 Years,No,7178,73,48,0
773,Male,73,1,39,0,1-2 Year,No,13933,126,185,0
774,Male,56,1,47,0,1-2 Year,Yes,58324,112,119,0
775,Female,32,0,3,0,< 1 Year,Yes,24078,142,172,1
776,Male,57,1,29,1,< 1 Year,No,42778,106,54,0
777,Female,70,0,10,1,< 1 Year,No,47485,70,263,0
778,Female,29,1,47,1,1-2 Year,Yes,25531,100,215,1
779,Female,39,0,42,1,1-2 Year,Yes,59525,19,130,1
780,Female,53,1,44,0,< 1 Year,Yes,38383,56,140,1
781,Male,29,0,46,0,> 2 Years,No,36023,44,186,0
782,Male,56,0,35,1,< 1 Year,Yes,58711,158,119,1
783,Female,66,0,28,0,> 2 Years,No,41400,48,43,1
784,Female,28,0,34,1,< 1 Year,No,8811,130,70,0
785,Female,62,1,23,1,> 2 Years,Yes,23884,32,60,1
786,Male,25,1,21,1,1-2 Year,No,20096,143,76,1
787,Male,31,0,16,1,1-2 Year,No,31277,47,279,0
788,Female,54,0,24,1,1-2 Year,No,33305,81,168,1
789,Male,38,1,44,0,< 1 Year,Yes,36792,36,286,1
790,Female,71,0,30,1,< 1 Year,No,34957,75,81,0
791,Female,34,0,15,0,< 1 Year,Yes,14597,39,275,1
792,Female,32,0,15,1,> 2 Years,No,46454,114,153,1
793,Male,35,0,31,1,> 2 Years,No,9490,44,94,0
794,Male,56,0,35,1,1-2 Year,Yes,15712,33,40,1
795,Male,65,1,41,0,> 2 Years,Yes,24010,122,24,0
796,Female,61,1,3,1,1-2 Year,Yes,5608,147,248,1
797,Female,54,1,17,1,1-2 Year,Yes,34772,65,188,0
798,Female,27,1,47,1,> 2 Years,No,37354,61,36,1
799,Male,21,0,34,1,> 2 Years,Yes,5302,153,66,0
800,Male,71,1,29,0,1-2 Year,Yes,16277,73,272,0
801,Female,44,1,40,0,< 1 Year,Yes,28747,55,148,1
802,Female,38,1,24,0,> 2 Years,Yes,50149,153,237,1
803,Female,46,1,24,0,1-2 Year,Yes,40871,140,112,1
804,Female,78,1,26,1,1-2 Year,Yes,2274,33,68,1
805,Female,79,1,16,1,< 1 Year,Yes,9891,121,143,0
806,Female,25,1,21,0,1-2 Year,Yes,58505,125,215,1
807,Male,40,1,10,0,> 2 Years,Yes,58262,122,248,0
808,Female,33,0,26,0,> 2 Years,No,6517,114,213,1
809,Female,19,0,16,1,< 1 Year,No,24741,34,66,0
810,Female,47,0,26,0,1-2 Year,Yes,42648,135,149,0
811,Male,20,0,27,0,1-2 Year,Yes,29484,46,89,0
812,Male,61,0,14,1,1-2 Year,No,50697,92,290,0
813,Male,23,0,27,0,1-2 Year,No,28896,38,163,0
814,Female,61,1,48,0,1-2 Year,Yes,41382,60,271,1
815,Male,71,1,39,1,1-2 Year,Yes,50808,63,63,1
816,Female,69,1,11,0,1-2 Year,No,12049,107,64,1
817,Female,62,1,28,0,< 1 Year,Yes,42037,84,32,1
818,Male,37,1,49,0,1-2 Year,Yes,36383,153,240,1
819,Male,36,1,16,1,1-2 Year,Yes,56432,73,244,0
820,Female,28,0,24,1,> 2 Years,No,32902,131,126,0
821,Female,20,1,7,1,< 1 Year,No,40251,99,119,0
822,Male,79,1,5,0,< 1 Year,No,3221,21,177,0
823,Female,59,0,18,0,< 1 Year,Yes,18834,152,200,0
824,Female,28,0,18,0,> 2 Years,Yes,33071,6,79,1
825,Male,41,0,18,1,1-2 Year,Yes,50293,145,107,1
826,Female,21,1,23,0,< 1 Year,Yes,57918,9,113,1
827,Male,69,1,40,1,1-2 Year,Yes,13916,94,255,0
828,Male,24,1,2,0,< 1 Year,No,16715,131,151,1
829,Female,45,0,27,0,> 2 Years,Yes,6281,150,262,0
830,Female,60,0,38,0,> 2 Years,Yes,55082,126,208,0
831,Male,77,0,7,0,< 1 Year,No,10024,21,135,0
832,Male,34,0,23,0,1-2 Year,Yes,32213,92,70,0
833,Female,34,1,20,1,> 2 Years,Yes,5417,144,284,0
834,Female,71,1,28,1,> 2 Years,Yes,17702,9,163,1
835,Male,49,0,47,1,1-2 Year,Yes,56162,151,257,1
836,Female,53,1,28,1,> 2 Years,Yes,55832,44,270,1
837,Female,77,0,20,1,1-2 Year,Yes,53768,24,241,0
838,Female,79,0,20,0,> 2 Years,No,31723,54,159,0
839,Female,33,0,3,0,1-2 Year,No,58450,118,257,1
840,Male,65,0,14,1,< 1 Year,Yes,36009,69,141,0
841,Female,51,1,33,1,1-2 Year,No,51352,19,279,1
842,Female,21,1,35,1,> 2 Years,No,44455,127,193,0
843,Female,58,1,40,0,> 2 Years,No,54689,18,284,1
844,Male,61,0,34,0,> 2 Years,Yes,28145,43,295,1
845,Female,57,0,19,0,< 1 Year,Yes,32515,95,246,1
846,Female,42,0,11,0,1-2 Year,No,9139,148,134,1
847,Female,52,1,32,0,> 2 Years,No,59386,122,287,1
848,Male,53,0,5,1,1-2 Year,No,13495,3,36,1
849,Male,42,0,12,0,> 2 Years,Yes,56676,118,91,1
850,Male,72,0,28,0,1-2 Year,Yes,53419,41,232,1
851,Male,68,1,14,1,< 1 Year,Yes,24377,82,13,1
852,Male,41,0,41,1,> 2 Years,Yes,34842,111,122,1
853,Male,68,0,28,0,1-2 Year,Yes,4312,143,160,0
854,Male,55,1,7,0,< 1 Year,Yes,24788,122,273,1
855,Male,58,1,8,1,< 1 Year,No,3936,53,138,1
856,Female,22,1,7,1,< 1 Year,Yes,32064,152,183,0
857,Male,18,0,10,1,> 2 Years,No,15345,143,291,1
858,Male,71,0,3,0,1-2 Year,Yes,2100,117,283,0
859,Male,67,1,30,0,< 1 Year,No,3380,158,21,0
860,Female,22,0,31,1,> 2 Years,Yes,56654,50,184,1
861,Female,19,0,2,0,< 1 Year,Yes,31698,103,247,0
862,Female,34,1,10,1,1-2 Year,Yes,36187,130,127,0
863,Male,23,0,33,0,< 1 Year,Yes,15006,75,274,1
864,Male,56,1,14,1,> 2 Years,No,18253,65,74,1
865,Female,66,1,6,0,< 1 Year,No,18998,128,88,0
866,Male,76,1,16,0,> 2 Years,No,35711,29,141,1
867,Female,41,1,6,0,> 2 Years,No,39882,94,219,0
868,Female,49,1,4,1,> 2 Years,No,40474,13,82,1
869,Female,30,0,18,0,< 1 Year,No,4871,18,40,0
870,Male,53,0,21,0,< 1 Year,Yes,54713,127,66,1
871,Male,43,0,11,1,> 2 Years,Yes,36708,136,125,0
872,Female,37,0,46,1,1-2 Year,No,19578,154,29,0
873,Male,62,0,31,1,> 2 Years,Yes,3832,71,252,0
874,Male,38,1,29,1,< 1 Year,No,59501,83,146,0
875,Male,45,1,17,0,> 2 Years,No,36258,114,118,1
876,Female,46,0,33,1,< 1 Year,Yes,18169,77,83,0
877,Female,42,0,41,1,1-2 Year,No,6678,34,42,0
878,Male,30,1,19,0,< 1 Year,Yes,58847,106,102,1
879,Female,39,1,35,0,1-2 Year,Yes,27084,46,77,0
880,Female,54,1,14,1,> 2 Years,No,4481,146,185,1
881,Female,56,1,38,1,> 2 Years,No,41547,130,106,1
882,Female,24,0,6,1,> 2 Years,No,52275,123,58,0
883,Male,47,1,3,1,> 2 Years,No,50487,30,156,0
884,Female,78,1,10,1,< 1 Year,Yes,29608,94,260,1
885,Female,52,1,37,1,1-2 Year,No,55088,68,134,1
886,Female,70,1,31,1,1-2 Year,Yes,2219,35,96,0
887,Female,72,1,38,0,< 1 Year,Yes,19623,117,108,1
888,Female,45,0,1,1,1-2 Year,No,13617,140,37,1
889,Female,57,0,17,1,< 1 Year,Yes,39117,138,226,1
890,Female,18,1,9,1,1-2 Year,No,51708,30,155,0
891,Female,60,0,26,0,> 2 Years,No,24769,98,178,0
892,Female,53,0,20,0,> 2 Years,Yes,16410,146,59,1
893,Female,48,1,8,1,< 1 Year,No,5900,74,286,0
894,Female,42,1,11,1,1-2 Year,Yes,52646,128,99,0
895,Male,20,1,38,0,< 1 Year,Yes,34807,38,127,1
896,Male,71,0,40,0,< 1 Year,No,29242,100,85,0
897,Female,33,1,14,0,> 2 Years,No,5866,143,144,0
898,Female,61,0,7,1,< 1 Year,Yes,59499,61,258,1
899,Female,54,0,13,0,> 2 Years,Yes,40793,24,212,0
900,Female,61,1,4,0,< 1 Year,Yes,51981,105,247,1
901,Female,45,0,24,0,> 2 Years,No,4049,43,104,1
902,Male,78,0,12,1,> 2 Years,Yes,22082,75,252,1
903,Female,64,1,23,1,> 2 Years,Yes,45043,36,265,1
904,Female,21,1,40,0,1-2 Year,No,27228,105,181,1
905,Female,40,0,48,1,< 1 Year,Yes,39616,105,76,1
906,Female,43,0,21,1,< 1 Year,No,41752,87,120,1
907,Female,21,1,17,1,1-2 Year,Yes,7350,20,85,0
908,Female,68,1,40,0,1-2 Year,No,8734,93,145,1
909,Female,50,0,8,1,< 1 Year,No,42430,26,249,1
910,Male,34,1,45,1,> 2 Years,No,46849,140,195,1
911,Male,21,1,4,0,1-2 Year,No,48625,68,102,1
912,Male,73,0,24,0,< 1 Year,No,57708,93,216,0
913,Female,33,1,45,1,> 2 Years,No,32873,78,23,0
914,Male,54,0,37,0,1-2 Year,No,52516,90,224,1
915,Female,20,0,27,0,> 2 Years,No,38639,63,246,0
916,Male,63,1,14,1,< 1 Year,Yes,39231,56,139,1
917,Male,72,0,6,1,< 1 Year,No,43276,114,141,0
918,Male,56,1,25,1,1-2 Year,No,24040,27,224,1
919,Female,79,1,29,1,< 1 Year,No,24784,45,36,0
920,Female,74,1,26,0,1-2 Year,No,22210,115,292,0
921,Male,28,0,30,1,> 2 Years,Yes,13415,58,282,0
922,Male,56,0,37,1,> 2 Years,No,33520,145,226,1
923,Male,27,1,25,1,1-2 Year,No,7184,105,244,0
924,Male,47,0,48,0,1-2 Year,No,24360,58,112,1
925,Male,24,1,30,0,1-2 Year,Yes,26109,137,213,1
926,Female,27,0,18,0,> 2 Years,No,7422,78,32,0
927,Female,36,1,28,1,1-2 Year,No,5718,36,140,1
928,Male,54,1,46,1,< 1 Year,Yes,29398,67,50,1
929,Female,77,0,30,1,< 1 Year,Yes,7393,88,52,0
930,Female,29,1,1,0,1-2 Year,Yes,25716,1,134,1
931,Male,64,1,38,1,1-2 Year,Yes,28368,8,84,1
932,Male,41,0,6,0,> 2 Years,No,25598,28,277,1
933,Female,65,0,39,1,> 2 Years,Yes,30764,39,265,1
934,Female,69,0,40,1,1-2 Year,Yes,22857,127,47,0
935,Female,50,1,12,0,1-2 Year,Yes,58417,153,92,0
936,Female,36,0,48,0,> 2 Years,Yes,49788,24,216,0
937,Male,79,0,7,1,< 1 Year,No,56913,51,73,1
938,Female,71,0,32,0,1-2 Year,No,52822,13,101,1
939,Female,25,1,26,0,1-2 Year,Yes,6313,151,96,0
940,Male,36,0,47,0,< 1 Year,No,31688,15,103,1
941,Male,72,1,15,0,> 2 Years,No,23066,5,189,1
942,Male,30,0,15,1,< 1 Year,Yes,51990,13,122,1
943,Male,56,0,26,1,> 2 Years,No,59162,153,51,0
944,Male,60,0,48,0,1-2 Year,Yes,55305,19,177,1
945,Male,79,0,28,1,> 2 Years,Yes,31128,132,102,0
946,Male,32,1,15,1,1-2 Year,Yes,36061,40,135,1
947,Female,30,1,17,0,> 2 Years,No,54979,72,219,0
948,Male,34,1,1,0,1-2 Year,Yes,7109,156,203,0
949,Female,71,1,8,0,> 2 Years,No,34367,144,281,1
950,Female,26,0,26,1,1-2 Year,Yes,21276,65,77,0
951,Male,60,1,6,0,1-2 Year,No,21132,109,51,0
952,Female,34,0,2,1,> 2 Years,No,28910,21,166,1
953,Female,19,0,20,1,> 2 Years,No,41519,26,240,1
954,Male,28,1,20,0,> 2 Years,Yes,54271,86,192,1
955,Male,53,1,49,0,> 2 Years,Yes,59603,133,185,0
956,Male,71,0,26,1,< 1 Year,Yes,14512,85,38,1
957,Male,77,0,47,1,1-2 Year,Yes,24901,80,31,1
958,Male,50,0,48,1,> 2 Years,Yes,20422,111,43,0
959,Female,44,1,33,1,> 2 Years,No,7567,91,187,0
960,Female,58,0,8,0,1-2 Year,No,51259,155,259,1
961,Female,75,1,4,1,> 2 Years,Yes,37853,119,223,0
962,Male,65,0,28,1,1-2 Year,Yes,27139,92,170,1
963,Female,77,1,43,0,< 1 Year,No,55084,111,269,0
964,Female,76,0,29,0,1-2 Year,Yes,22117,30,95,1
965,Male,37,0,49,0,> 2 Years,Yes,51854,33,286,1
966,Female,75,1,27,1,1-2 Year,Yes,7116,31,21,0
967,Female,74,1,38,0,< 1 Year,No,4546,33,127,1
968,Male,46,1,24,0,> 2 Years,No,42075,96,12,0
969,Female,55,1,4,0,> 2 Years,No,11589,95,87,1
970,Male,35,0,44,0,< 1 Year,Yes,9651,32,226,0
971,Female,21,1,46,0,< 1 Year,No,18906,156,66,1
972,Male,51,1,14,1,1-2 Year,No,8189,31,137,0
973,Female,33,0,19,1,< 1 Year,Yes,59444,135,252,0
974,Female,75,1,4,0,< 1 Year,No,5665,21,108,0
975,Female,32,1,2,1,1-2 Year,Yes,42427,16,125,0
976,Female,33,0,3,0,> 2 Years,Yes,33253,94,121,1
977,Female,45,0,30,0,1-2 Year,Yes,31185,2,158,0
978,Female,49,1,38,0,1-2 Year,Yes,8767,134,286,0
979,Female,39,0,11,0,> 2 Years,No,43193,66,17,1
980,Male,21,1,5,1,< 1 Year,No,39659,34,96,0
981,Male,50,1,37,1,> 2 Years,Yes,34148,28,103,0
982,Male,70,0,10,0,> 2 Years,No,24428,17,168,0
983,Male,39,0,17,1,< 1 Year,Yes,5088,64,193,1
984,Female,76,0,33,1,< 1 Year,No,48215,132,101,0
985,Female,75,0,47,1,< 1 Year,No,52110,114,233,1
986,Male,59,0,16,0,> 2 Years,No,11664,97,289,1
987,Male,77,1,46,1,< 1 Year,Yes,34080,149,261,1
988,Female,34,0,25,1,1-2 Year,No,25686,5,270,1
989,Male,49,0,36,1,1-2 Year,Yes,46818,21,47,1
990,Female,23,1,29,1,> 2 Years,No,23999,131,227,1
991,Female,78,0,31,0,> 2 Years,Yes,42533,27,152,1
992,Female,70,1,14,1,1-2 Year,No,45278,68,12,1
993,Male,47,1,27,0,< 1 Year,Yes,17115,77,28,0
994,Male,31,0,17,0,> 2 Years,No,49330,6,299,1
995,Female,37,0,48,0,> 2 Years,No,23727,146,176,0
996,Female,27,0,11,1,> 2 Years,Yes,2563,65,112,1
997,Female,71,1,43,1,> 2 Years,No,9444,121,241,1
998,Male,51,1,37,1,> 2 Years,Yes,10302,62,269,0
999,Female,59,0,18,1,1-2 Year,Yes,6689,2,155,1
1000,Male,79,1,19,1,< 1 Year,No,20583,70,217,1
